threads,comparisons,wall_time,cpu_time
1,5001002000,13,13.603693721
2,5001002990,7,7.006734862
4,5001002462,3,3.910661248
8,5001001023,4,4.076670193
16,5000997637,3,3.97225015
32,5000989919,4,4.050201237
64,5000976507,4,4.077213668
