threads,found_patterns,first_pattern,comparisons,wall_time,cpu_time
1,100,5001001,9949051000,26,26.820068447
2,100,5001001,9949051000,13,13.741603919
4,100,5001001,9949051000,7,7.522392383
8,100,5001001,9949051000,7,7.573625203
16,100,5001001,9949051000,7,7.509869528
32,100,5001001,9949051000,7,7.527940134
64,100,5001001,9949051000,7,7.547720764
